{
  "train_loss": [
    289.2807307387843,
    162.5558062466708,
    114.25340525309245,
    86.82303180116595,
    68.43728730172822
  ],
  "train_acc": [
    69.74570446735395,
    79.95189003436425,
    85.9192439862543,
    89.06013745704468,
    91.00515463917526
  ],
  "val_acc": [
    69.90421777852461,
    78.20534363972442,
    82.7928079314401,
    83.80104184170727,
    85.19576541757688
  ],
  "test_acc": [
    68.45710821461049,
    78.22976659593816,
    83.47984237647772,
    86.18369202788723,
    86.93543498029706
  ]
}