{
  "O": {
    "precision": 0.7078651685393258,
    "recall": 0.45985401459854014,
    "f1-score": 0.5575221238938053,
    "support": 137.0
  },
  "B-FIELD": {
    "precision": 0.8866995073891626,
    "recall": 0.8120300751879699,
    "f1-score": 0.847723704866562,
    "support": 665.0
  },
  "I-FIELD": {
    "precision": 0.8492307692307692,
    "recall": 0.7857651245551601,
    "f1-score": 0.8162661737523106,
    "support": 1405.0
  },
  "B-NUM": {
    "precision": 0.8773234200743495,
    "recall": 0.745823927765237,
    "f1-score": 0.8062469497315764,
    "support": 2215.0
  },
  "I-NUM": {
    "precision": 0.8780535091120589,
    "recall": 0.9616732137169551,
    "f1-score": 0.9179630098809222,
    "support": 9419.0
  },
  "B-HEADER": {
    "precision": 0.8011811023622047,
    "recall": 0.6501597444089456,
    "f1-score": 0.7178130511463845,
    "support": 626.0
  },
  "I-HEADER": {
    "precision": 0.846927374301676,
    "recall": 0.747534516765286,
    "f1-score": 0.7941330539549503,
    "support": 2028.0
  },
  "accuracy": 0.8693543498029705,
  "macro avg": {
    "precision": 0.8353258358585067,
    "recall": 0.7375486595711563,
    "f1-score": 0.7796668667466445,
    "support": 16495.0
  },
  "weighted avg": {
    "precision": 0.8676912636693918,
    "recall": 0.8693543498029705,
    "f1-score": 0.8656534802057493,
    "support": 16495.0
  }
}