model,precision,recall,f1,support
LayoutLM,0.9752201022617059,0.9645817619518076,0.9696660141005842,19014.0
BiLSTM+CRF,0.8353258358585067,0.7375486595711563,0.7796668667466445,16495.0
