{
  "O": {
    "precision": 0.9941176470588236,
    "recall": 0.9234972677595629,
    "f1-score": 0.9575070821529745,
    "support": 183.0
  },
  "B-FIELD": {
    "precision": 0.9588014981273408,
    "recall": 0.9715370018975332,
    "f1-score": 0.9651272384542884,
    "support": 1581.0
  },
  "I-FIELD": {
    "precision": 0.966304347826087,
    "recall": 0.9348054679284963,
    "f1-score": 0.9502939604489578,
    "support": 951.0
  },
  "B-NUM": {
    "precision": 0.976503949767065,
    "recall": 0.9763061968408262,
    "f1-score": 0.9764050632911392,
    "support": 4938.0
  },
  "I-NUM": {
    "precision": 0.9861368981309568,
    "recall": 0.9862589749938103,
    "f1-score": 0.9861979327845516,
    "support": 8078.0
  },
  "B-HEADER": {
    "precision": 0.975531914893617,
    "recall": 0.9781333333333333,
    "f1-score": 0.9768308921438082,
    "support": 1875.0
  },
  "I-HEADER": {
    "precision": 0.9691444600280504,
    "recall": 0.9815340909090909,
    "f1-score": 0.9752999294283698,
    "support": 1408.0
  },
  "accuracy": 0.9781213842431892,
  "macro avg": {
    "precision": 0.9752201022617059,
    "recall": 0.9645817619518076,
    "f1-score": 0.9696660141005842,
    "support": 19014.0
  },
  "weighted avg": {
    "precision": 0.9781430651062566,
    "recall": 0.9781213842431892,
    "f1-score": 0.9781000759118135,
    "support": 19014.0
  }
}