{
  "train_loss": [
    0.683182216836856,
    0.09742318853162803,
    0.041819909988687586
  ],
  "train_acc": [
    95.93165174938974,
    98.52287663516304,
    99.206672091131
  ],
  "val_acc": [
    94.50499545867393,
    96.3669391462307,
    96.86648501362397
  ],
  "test_acc": [
    95.30871989060692,
    97.55969285789418,
    97.81213842431892
  ]
}